{
  "auc": 0.7488494096854508,
  "eer": 0.31035792139143303,
  "best_threshold": 0.5394115447998047
}