{
  "auc": 0.8763138942688582,
  "eer": 0.21094487439377863,
  "best_threshold": 0.6092742681503296
}