{
  "auc": 0.9061907863492148,
  "eer": 0.17297848663690935,
  "best_threshold": 0.74152672290802
}