{
  "auc": 0.754125,
  "eer": 0.3129166666666667,
  "best_threshold": 0.56947922706604
}