{
  "auc": 0.7548388797066363,
  "eer": 0.309316379662264,
  "best_threshold": 0.5330849885940552
}