{
  "auc": 0.7581875,
  "eer": 0.3275,
  "best_threshold": 0.5578125715255737
}