{
  "auc": 0.7455291176998605,
  "eer": 0.3199333453017184,
  "best_threshold": 0.5795111656188965
}